{
  "name": "ADCP Importer",
  "description": "Импортер для данных ADCP",
  "version": "3.1",
  "date": "14.01.2023",

  "transfer_data_on_multiply_import": false,
  "overwrite_exists_data_on_multiply_import": false,

  "fields": [
    {
      "field_type": "number",
      "alias": "expedition_number",
      "required": true,
      "order": 1,

      "title": "Номер записи",
      "description": "",
      "icon": "",
      
      "default_value": null
    },
    {
      "field_type": "dateTime",
      "alias": "date_time",
      "required": true,
      "order": 2,

      "title": "Дата",
      "description": "",
      "icon": "",
      
      "default_value": null
    },
    {
      "field_type": "file",
      "alias": "ref",
      "required": true,
      "order": 3,

      "title": "Выберите файл ref",
      "description": "",
      "icon": "",
      
      "default_value": null
    },
    {
      "field_type": "file",
      "alias": "data",
      "required": true,
      "order": 4,

      "title": "Выберите файл data",
      "description": "",
      "icon": "",
      
      "default_value": null
    }
  ]
}