{
  "name" : "CTD Importer",
  "description" : "Импортер для CTD данных",
  "version": "3.0",
  "date": "14.01.2023",

  "transfer_data_on_multiply_import": false,
  "overwrite_exists_data_on_multiply_import": false,

  "fields": [
    {
      "field_type": "file",
      "alias": "data",
      "required": true,
      "order": 1,

      "title": "Выберите файл data",
      "description": "",
      "icon": "",
      
      "default_value": null
    },
    {
      "field_type": "file",
      "alias": "coordinates",
      "required": true,
      "order": 2,

      "title": "Выберите файл с координатами",
      "description": "",
      "icon": "",
      
      "default_value": null
    }
  ]
}